correctness,semantic_similarity,g_eval,faithfulness,relevancy
1.0,0.8174853111056015,0.3,1.0,0.0
2.0,0.8361832093703716,0.7,1.0,1.0
1.0,0.6759680277652567,0.0,0.0,0.0
1.0,0.8020991099199679,1.0,1.0,0.0
3.0,0.8976556986240687,0.8,1.0,1.0
