metric,average,std
correctness,1.6,0.8944271909999159
semantic_similarity,0.7778772878712428,0.059981228318522414
g_eval,0.38,0.44944410108488464
faithfulness,1.0,0.0
relevancy,0.2,0.44721359549995804
