correctness,semantic_similarity,g_eval,faithfulness,relevancy
1.0,0.722996594891704,0.2,1.0,0.0
3.0,0.8795116084202377,0.8,1.0,1.0
1.0,0.8508505209884653,1.0,1.0,1.0
1.0,0.8670034559866368,0.0,1.0,1.0
4.0,0.8668797129214797,1.0,1.0,1.0
