metric,average,std
correctness,2.0,1.4142135623730951
semantic_similarity,0.8374483786417046,0.06478396706900982
g_eval,0.6,0.469041575982343
faithfulness,1.0,0.0
relevancy,0.8,0.44721359549995804
