metric,average,std
correctness,1.6,0.8944271909999159
semantic_similarity,0.8058782713570534,0.08118984272480646
g_eval,0.5599999999999999,0.40373258476372703
faithfulness,0.8,0.4472135954999579
relevancy,0.4,0.5477225575051662
