correctness,semantic_similarity,g_eval,faithfulness,relevancy
2.0,0.8141403199757222,0.6,1.0,0.0
1.0,0.8456623509413863,0.7,0.0,0.0
1.0,0.6927094051141963,0.0,0.0,0.0
1.0,0.7734366010016425,0.0,0.0,0.0
1.0,0.8088341509554148,0.0,0.0,0.0
