metric,average,std
correctness,1.4,0.8944271909999161
semantic_similarity,0.8357642055737191,0.07427377112965296
g_eval,0.16,0.35777087639996635
faithfulness,1.0,0.0
relevancy,0.8,0.4472135954999579
