metric,average,std
correctness,1.2,0.44721359549995804
semantic_similarity,0.7869565655976725,0.05858598633177916
g_eval,0.25999999999999995,0.35777087639996635
faithfulness,0.2,0.44721359549995804
relevancy,0.0,0.0
