metric,average,std
correctness,1.6,1.3416407864998738
semantic_similarity,0.7034770965393305,0.1362802652968583
g_eval,0.2,0.39370039370059057
faithfulness,0.4,0.5477225575051662
relevancy,0.4,0.5477225575051662
