metric,average,std
correctness,1.4,0.5477225575051661
semantic_similarity,0.8165360622964158,0.0665159628529386
g_eval,0.27999999999999997,0.38340579025361626
faithfulness,0.8,0.4472135954999579
relevancy,0.0,0.0
