correctness,semantic_similarity,g_eval,faithfulness,relevancy
1.0,0.8499052348601106,0.3,1.0,0.0
3.0,0.9051051875063748,0.8,1.0,1.0
1.0,0.7451382867246349,0.0,0.0,0.0
1.0,0.7452744374191782,0.0,0.0,0.0
1.0,0.716509868790329,0.1,0.0,0.0
