correctness,semantic_similarity,g_eval,faithfulness,relevancy
1.0,0.7997282865671143,0.0,1.0,1.0
3.0,0.8733606222908923,0.8,1.0,1.0
1.0,0.7523276950826656,0.0,0.0,0.0
1.0,0.9321659330545637,0.0,1.0,1.0
1.0,0.7685508014824637,1.0,0.0,0.0
