correctness,semantic_similarity,g_eval,faithfulness,relevancy
2.0,0.884545964762052,0.7,1.0,0.0
2.0,0.8798142816860366,0.7,1.0,0.0
1.0,0.8009622440604914,0.0,1.0,0.0
1.0,0.7913176108975237,0.0,0.0,0.0
1.0,0.7260402100759753,0.0,1.0,0.0
