metric,average,std
correctness,1.4,0.8944271909999161
semantic_similarity,0.7923866030601255,0.08096775690834664
g_eval,0.24000000000000005,0.33615472627943227
faithfulness,0.4,0.5477225575051662
relevancy,0.2,0.44721359549995804
