metric,average,std
g_eval,0.8571428571428571,0.35856858280031806
faithfulness,0.8095238095238095,0.40237390808147827
relevancy,0.38095238095238093,0.49761335152811925
