metric,average,std
g_eval,0.6190476190476191,0.49761335152811925
faithfulness,0.9047619047619048,0.30079260375911915
relevancy,0.19047619047619047,0.40237390808147827
