metric,average,std
g_eval,0.9523809523809523,0.2182178902359924
faithfulness,0.9523809523809523,0.21821789023599242
relevancy,0.6666666666666666,0.4830458915396479
