metric,average,std
g_eval,0.5238095238095238,0.511766315719159
faithfulness,0.9523809523809523,0.21821789023599242
relevancy,0.23809523809523808,0.4364357804719847
