metric,average,std
g_eval,0.9523809523809523,0.21821789023599242
faithfulness,1.0,0.0
relevancy,0.6190476190476191,0.49761335152811925
