metric,average,std
g_eval,0.5238095238095238,0.511766315719159
faithfulness,0.7619047619047619,0.4364357804719847
relevancy,0.19047619047619047,0.40237390808147827
