metric,average,std
g_eval,0.38095238095238093,0.49761335152811925
faithfulness,0.8571428571428571,0.358568582800318
relevancy,0.14285714285714285,0.35856858280031806
