metric,average,std
g_eval,1.0,0.0
faithfulness,0.9523809523809523,0.21821789023599242
relevancy,0.7142857142857143,0.46291004988627577
