metric,average,std
g_eval,0.6666666666666666,0.48304589153964794
faithfulness,0.9047619047619048,0.30079260375911915
relevancy,0.38095238095238093,0.49761335152811925
