metric,average,std
g_eval,0.6666666666666666,0.48304589153964794
faithfulness,0.9523809523809523,0.21821789023599242
relevancy,0.3333333333333333,0.48304589153964783
