metric,average,std
g_eval,0.5238095238095238,0.511766315719159
faithfulness,0.9047619047619048,0.30079260375911915
relevancy,0.047619047619047616,0.21821789023599242
