metric,average,std
g_eval,0.42857142857142855,0.50709255283711
faithfulness,0.9047619047619048,0.3007926037591192
relevancy,0.19047619047619047,0.40237390808147827
