metric,average,std
g_eval,0.6190476190476191,0.49761335152811925
faithfulness,0.9523809523809523,0.21821789023599242
relevancy,0.2857142857142857,0.46291004988627577
