metric,average,std
g_eval,1.0,0.0
faithfulness,0.8095238095238095,0.40237390808147827
relevancy,0.42857142857142855,0.50709255283711
