metric,average,std
correctness,1.95,1.223670062170613
semantic_similarity,0.6971793814344142,0.08625838461087748
g_eval,0.45,0.40457905349426554
faithfulness,0.8,0.41039134083406165
relevancy,0.25,0.4442616583193193
