metric,average,std
g_eval,0.5714285714285714,0.5070925528371101
faithfulness,0.9523809523809523,0.21821789023599242
relevancy,0.23809523809523808,0.4364357804719847
