metric,average,std
correctness,1.7,1.0593499054713802
semantic_similarity,0.7977232485916803,0.07331774229508703
g_eval,0.52,0.46139883927995406
faithfulness,0.9,0.31622776601683794
relevancy,0.5,0.5270462766947299
