metric,average,std
correctness,1.4,0.8432740427115679
semantic_similarity,0.772816757274546,0.07162666250921587
g_eval,0.45,0.356682242650545
faithfulness,0.9,0.31622776601683794
relevancy,0.4,0.5163977794943223
