metric,average,std
correctness,1.9,0.7880689256524123
semantic_similarity,0.7691516074510827,0.08191431142118426
g_eval,0.425,0.3176807401017237
faithfulness,0.75,0.4442616583193193
relevancy,0.4,0.5026246899500346
