correctness,semantic_similarity,g_eval,faithfulness,relevancy
1.0,0.812115026817414,0.6,1.0,0.0
1.0,0.7802531563484804,0.7,1.0,1.0
1.0,0.8375190001502082,0.1,1.0,0.0
1.0,0.7331054903442873,1.0,1.0,1.0
3.0,0.8990749258965052,0.8,1.0,0.0
1.0,0.744462076693417,0.0,1.0,1.0
3.0,0.8067896319365269,0.3,1.0,0.0
1.0,0.6686632204078267,0.7,1.0,1.0
1.0,0.6725051599000048,0.3,0.0,0.0
1.0,0.7736798842507895,0.0,1.0,0.0
