metric,average,std
correctness,1.4,0.6992058987801011
semantic_similarity,0.7656274826392002,0.07148593569291643
g_eval,0.45,0.4453463071962463
faithfulness,0.8,0.42163702135578396
relevancy,0.4,0.5163977794943223
