metric,average,std
correctness,3.05,1.42256255065509
semantic_similarity,0.7788992281487326,0.09834808967277363
g_eval,0.8350000000000002,0.18431951662948318
faithfulness,0.9,0.30779350562554625
relevancy,0.9,0.30779350562554625
