correctness,semantic_similarity,g_eval,faithfulness,relevancy
1.0,0.8241873003774265,0.2,1.0,0.0
3.0,0.8034801123474903,1.0,1.0,1.0
1.0,0.6779854759143608,0.0,1.0,0.0
1.0,0.7671576322473558,0.0,1.0,0.0
2.0,0.8165759184695808,0.7,1.0,0.0
