correctness,semantic_similarity,g_eval,faithfulness,relevancy
1.0,0.8108490789912057,0.6,1.0,0.0
1.0,0.788356452753234,0.7,1.0,1.0
1.0,0.7936196627958094,0.0,0.0,0.0
1.0,0.5913890553930076,0.1,0.0,0.0
2.0,0.8480778469896677,0.8,1.0,1.0
1.0,0.7434455161636699,1.0,0.0,0.0
2.0,0.7880596350264065,0.6,1.0,0.0
1.0,0.5657764046614057,1.0,1.0,1.0
1.0,0.8809862667250578,1.0,0.0,1.0
1.0,0.7474601263396393,0.2,1.0,0.0
