metric,average,std
correctness,1.6,1.0749676997731399
semantic_similarity,0.7966892663115005,0.0730509070839517
g_eval,0.58,0.4391911757866828
faithfulness,0.9,0.31622776601683794
relevancy,0.5,0.5270462766947299
