correctness,semantic_similarity,g_eval,faithfulness,relevancy
1.0,0.8958828827990154,0.0,0.0,0.0
2.0,0.800759436881265,0.6,1.0,1.0
3.0,0.743799837822927,1.0,1.0,1.0
1.0,0.6975908325508098,0.0,0.0,0.0
1.0,0.7705869369995025,0.6,1.0,0.0
1.0,0.630332265174698,1.0,1.0,1.0
2.0,0.824127236280861,0.3,1.0,0.0
1.0,0.7795086336457225,1.0,1.0,1.0
1.0,0.7397060650260869,0.0,1.0,0.0
1.0,0.7739806992111148,0.0,1.0,0.0
