metric,average,std
g_eval,0.5238095238095238,0.511766315719159
faithfulness,0.8095238095238095,0.40237390808147827
relevancy,0.19047619047619047,0.40237390808147827
