metric,average,std
correctness,1.2,0.42163702135578396
semantic_similarity,0.7999830292104881,0.04912601495273786
g_eval,0.6699999999999999,0.3917198545446024
faithfulness,0.8,0.4216370213557839
relevancy,0.6,0.5163977794943222
