metric,average,std
correctness,2.6,1.500876936643164
semantic_similarity,0.759566783573699,0.1398815815759759
g_eval,0.62,0.4384182093797992
faithfulness,0.95,0.22360679774997902
relevancy,0.8,0.41039134083406165
