correctness,semantic_similarity,g_eval,faithfulness,relevancy
2.0,0.8559459598605156,0.7,1.0,0.0
3.0,0.870967392677226,0.8,1.0,1.0
1.0,0.8658198516012543,1.0,1.0,1.0
1.0,0.7541472965265144,0.0,1.0,0.0
4.0,0.8988045398934076,1.0,1.0,1.0
1.0,0.7233965880866671,0.0,1.0,1.0
2.0,0.8141033466041622,0.7,1.0,0.0
1.0,0.6807640791948424,0.0,1.0,0.0
1.0,0.7531918741733995,1.0,0.0,1.0
1.0,0.7600915572988133,0.0,1.0,0.0
