metric,average,std
correctness,1.0,0.0
semantic_similarity,0.757705997350215,0.0661885359678731
g_eval,0.17,0.29832867780352595
faithfulness,0.7,0.48304589153964794
relevancy,0.1,0.31622776601683794
