correctness,semantic_similarity,g_eval,faithfulness,relevancy
1.0,0.7372501563171396,0.0,1.0,0.0
3.0,0.8761558462009561,0.8,1.0,1.0
1.0,0.8508505209884654,1.0,1.0,1.0
1.0,0.8670034559866369,0.0,1.0,1.0
4.0,0.8963012181685788,1.0,1.0,1.0
1.0,0.7798522925384116,0.0,1.0,1.0
1.0,0.7710371213098081,0.0,1.0,0.0
4.0,0.9565399991471101,0.0,1.0,1.0
5.0,0.9999999999999999,1.0,1.0,1.0
1.0,0.8022646634631263,1.0,0.0,0.0
