correctness,semantic_similarity,g_eval,faithfulness,relevancy
1.0,0.8238750421098205,0.2,1.0,0.0
2.0,0.8535704943498784,0.7,1.0,0.0
1.0,0.8365860449356547,1.0,1.0,1.0
1.0,0.735870608728313,0.0,1.0,1.0
3.0,0.8931916932321223,1.0,1.0,1.0
1.0,0.7340371549684171,0.1,1.0,1.0
1.0,0.8776174903370866,0.2,1.0,0.0
1.0,0.6573318376825492,0.0,1.0,0.0
1.0,0.8165869349988808,0.0,0.0,0.0
1.0,0.8850644188714055,0.0,1.0,0.0
