metric,average,std
correctness,2.15,1.3869694338832115
semantic_similarity,0.7331401984585326,0.14619083556821438
g_eval,0.67,0.37289761541064775
faithfulness,0.85,0.36634754853252327
relevancy,0.6,0.5026246899500346
