metric,average,std
g_eval,0.42857142857142855,0.50709255283711
faithfulness,0.8571428571428571,0.35856858280031806
relevancy,0.2857142857142857,0.4629100498862757
