metric,average,std
correctness,1.3,0.6749485577105528
semantic_similarity,0.8113731720214128,0.07783386318109754
g_eval,0.32,0.4157990967870047
faithfulness,0.9,0.31622776601683794
relevancy,0.4,0.5163977794943223
