metric,average,std
correctness,2.2,1.6193277068654826
semantic_similarity,0.8537255274120232,0.08365057916188502
g_eval,0.48,0.5094659513211414
faithfulness,0.9,0.31622776601683794
relevancy,0.7,0.48304589153964794
