metric,average,std
g_eval,0.8571428571428571,0.358568582800318
faithfulness,1.0,0.0
relevancy,0.3333333333333333,0.48304589153964794
