metric,average,std
correctness,1.0,0.0
semantic_similarity,0.7236409142063756,0.10949412680704484
g_eval,0.22000000000000003,0.28982753492378877
faithfulness,0.7,0.4830458915396479
relevancy,0.1,0.31622776601683794
