correctness,semantic_similarity,g_eval,faithfulness,relevancy
1.0,0.7981219302137231,0.1,1.0,0.0
1.0,0.7633645348953607,0.2,1.0,0.0
1.0,0.7992483941955595,0.1,1.0,0.0
1.0,0.8022457587751795,1.0,1.0,0.0
1.0,0.7540683741696477,0.1,1.0,0.0
1.0,0.5958860812326752,0.1,0.0,0.0
1.0,0.7111051126751917,0.1,1.0,0.0
1.0,0.7356815121568562,0.0,1.0,0.0
1.0,0.8099244463364836,0.0,0.0,1.0
1.0,0.8074138288514718,0.0,0.0,0.0
