metric,average,std
g_eval,0.3333333333333333,0.4830458915396479
faithfulness,0.7619047619047619,0.4364357804719847
relevancy,0.14285714285714285,0.35856858280031817
