metric,average,std
g_eval,0.3333333333333333,0.48304589153964794
faithfulness,0.7142857142857143,0.4629100498862757
relevancy,0.14285714285714285,0.35856858280031806
