metric,average,std
correctness,2.075,1.2383669212228448
semantic_similarity,0.727731415126436,0.12960227661665444
g_eval,0.5499999999999999,0.2910959328215754
faithfulness,0.85,0.36634754853252327
relevancy,0.6,0.5026246899500346
