correctness,semantic_similarity,g_eval,faithfulness,relevancy
1.0,0.868859784740362,0.3,1.0,0.0
3.0,0.8547179307098014,0.8,1.0,1.0
1.0,0.7854059174104973,1.0,1.0,0.0
1.0,0.7232555202892025,1.0,1.0,1.0
4.0,0.870464289937458,1.0,1.0,1.0
1.0,0.7358251929817959,0.0,1.0,1.0
2.0,0.8187340145781002,0.6,1.0,0.0
1.0,0.6734695568431025,0.1,1.0,0.0
1.0,0.8821144876421148,1.0,0.0,1.0
1.0,0.7540459679825713,0.0,1.0,0.0
