metric,average,std
correctness,3.425,1.5667179909472844
semantic_similarity,0.788000085185282,0.10664498272950063
g_eval,0.8400000000000001,0.22337129816094384
faithfulness,0.85,0.36634754853252327
relevancy,0.65,0.48936048492959283
