metric,average,std
correctness,2.2,1.6193277068654826
semantic_similarity,0.8578165232728981,0.08606557430661751
g_eval,0.48,0.5094659513211414
faithfulness,0.9,0.31622776601683794
relevancy,0.8,0.42163702135578396
