metric,average,std
correctness,1.5,0.8498365855987975
semantic_similarity,0.7764273680980381,0.06091202203283288
g_eval,0.65,0.40892813821284324
faithfulness,0.9,0.31622776601683794
relevancy,0.7,0.48304589153964794
