metric,average,std
correctness,1.5,0.6069769786668839
semantic_similarity,0.71609737767917,0.12903107857209947
g_eval,0.265,0.26611236249690506
faithfulness,0.8,0.41039134083406165
relevancy,0.2,0.4103913408340617
