correctness,semantic_similarity,g_eval,faithfulness,relevancy
1.0,0.859666497156729,0.2,1.0,0.0
2.0,0.8295678109943395,0.7,1.0,1.0
1.0,0.8460124409199258,0.7,1.0,1.0
1.0,0.7353989921221226,1.0,1.0,0.0
2.0,0.8372543423541092,0.9,1.0,1.0
1.0,0.7610210417315669,1.0,1.0,1.0
1.0,0.8294308006755644,0.2,1.0,0.0
1.0,0.721029834064409,1.0,1.0,1.0
1.0,0.8101575976898944,1.0,0.0,1.0
1.0,0.7702909343962209,0.0,0.0,0.0
