metric,average,std
g_eval,0.3333333333333333,0.4830458915396479
faithfulness,0.8571428571428571,0.358568582800318
relevancy,0.09523809523809523,0.30079260375911915
