metric,average,std
g_eval,0.5714285714285714,0.5070925528371101
faithfulness,0.8095238095238095,0.40237390808147827
relevancy,0.23809523809523808,0.4364357804719847
