metric,average,std
correctness,2.875,1.4856772334882375
semantic_similarity,0.7770497356230276,0.1660465705518656
g_eval,0.63,0.43661376403792906
faithfulness,0.85,0.36634754853252327
relevancy,0.6,0.5026246899500346
