metric,average,std
g_eval,0.9523809523809523,0.21821789023599242
faithfulness,0.8571428571428571,0.358568582800318
relevancy,0.23809523809523808,0.4364357804719847
