metric,average,std
correctness,2.95,1.4590912817301915
semantic_similarity,0.7649010886926203,0.07624850612839806
g_eval,0.7,0.29735677667001126
faithfulness,0.8,0.41039134083406165
relevancy,0.5,0.512989176042577
