metric,average,std
g_eval,1.0,0.0
faithfulness,0.8571428571428571,0.358568582800318
relevancy,0.42857142857142855,0.50709255283711
