metric,average,std
g_eval,0.47619047619047616,0.511766315719159
faithfulness,0.6666666666666666,0.48304589153964783
relevancy,0.3333333333333333,0.48304589153964794
