metric,average,std
correctness,3.0,1.504379571363837
semantic_similarity,0.7800612707460376,0.10236178882563172
g_eval,0.8,0.24708830724853692
faithfulness,0.8,0.41039134083406165
relevancy,0.65,0.48936048492959283
