correctness,semantic_similarity,g_eval,faithfulness,relevancy
2.0,0.8420769132763871,0.6,1.0,0.0
1.0,0.7825408732572103,0.8,1.0,1.0
1.0,0.8405223942891175,0.8,1.0,0.0
1.0,0.6998769200151584,1.0,1.0,1.0
3.0,0.85773237016721,1.0,1.0,1.0
1.0,0.7415845910042356,0.0,1.0,1.0
3.0,0.8233175586902756,0.3,1.0,1.0
1.0,0.6993450927041862,1.0,1.0,1.0
1.0,0.7273203687491516,1.0,0.0,1.0
1.0,0.7499565988274491,0.0,1.0,0.0
