correctness,semantic_similarity,g_eval,faithfulness,relevancy
1.0,0.7448703693232941,0.1,1.0,0.0
1.0,0.6001055363989108,0.2,0.0,0.0
1.0,0.7715763303321985,0.2,1.0,0.0
1.0,0.6599434558717705,0.1,1.0,0.0
1.0,0.8874154949854621,0.3,1.0,0.0
1.0,0.6826239545530387,0.0,1.0,0.0
1.0,0.9123665344979279,1.0,1.0,0.0
1.0,0.6068544277762407,0.2,0.0,1.0
1.0,0.6346466839010982,0.0,0.0,0.0
1.0,0.7360063544238138,0.1,1.0,0.0
