metric,average,std
correctness,1.95,1.3168942730211068
semantic_similarity,0.653612057916847,0.14555774914346745
g_eval,0.365,0.4463595435355484
faithfulness,0.45,0.5104177855340405
relevancy,0.4,0.5026246899500346
