metric,average,std
correctness,2.45,1.3945382182304158
semantic_similarity,0.7030315798002036,0.13657521742989823
g_eval,0.6950000000000001,0.42732337071343846
faithfulness,0.65,0.48936048492959283
relevancy,0.6,0.5026246899500346
