metric,average,std
correctness,1.2,0.42163702135578396
semantic_similarity,0.7558020045839104,0.10225797947490119
g_eval,0.6000000000000001,0.380058475033046
faithfulness,0.6,0.5163977794943223
relevancy,0.4,0.5163977794943223
