metric,average,std
correctness,1.0,0.0
semantic_similarity,0.823096056590019,0.0607716421788573
g_eval,0.32,0.47093288033198294
