metric,average,std
correctness,0.6666666666666666,0.48304589153964794
semantic_similarity,0.7730284265678525,0.11072834687043166
g_eval,0.38095238095238093,0.49761335152811925
