correctness,semantic_similarity,g_eval
1.0,0.8628003766174054,0.0
1.0,0.727977201071947,0.0
1.0,0.8162666858513867,0.0
1.0,0.7562130512581362,0.0
1.0,0.7831352548338556,0.0
1.0,0.7727433943510268,0.0
1.0,0.869226913868419,0.0
1.0,0.7898419932432539,0.0
1.0,0.9137973052934477,1.0
1.0,0.8664900605944962,0.0
