metric,average,std
correctness,1.0,0.0
semantic_similarity,0.8158492236983375,0.05971668446829929
g_eval,0.1,0.31622776601683794
