metric,average,std
correctness,1.4,0.5163977794943223
semantic_similarity,0.6975290952703433,0.10990376434422916
g_eval,0.42000000000000004,0.2485513584307633
