metric,average,std
correctness,0.9047619047619048,0.30079260375911915
semantic_similarity,0.8157403457148472,0.0790777945521712
g_eval,0.7142857142857143,0.46291004988627577
