metric,average,std
correctness,1.15,0.36634754853252327
semantic_similarity,0.5234351472516738,0.10679854028021801
g_eval,0.075,0.23141441523584344
