metric,average,std
correctness,3.2,1.5338290579290015
semantic_similarity,0.7693986560638394,0.09676349706631761
g_eval,0.865,0.23004576203785834
