metric,average,std
g_eval,0.3333333333333333,0.48304589153964794
