metric,average,std
correctness,0.7619047619047619,0.4364357804719847
semantic_similarity,0.8370342748774027,0.04204881778527994
g_eval,0.6190476190476191,0.49761335152811925
