metric,average,std
correctness,2.725,1.7127616972535749
semantic_similarity,0.7109438106285231,0.14120319687489205
g_eval,0.6950000000000001,0.33635038122078653
