metric,average,std
correctness,1.0,0.0
semantic_similarity,0.8011823377311467,0.07422900414130408
g_eval,0.9523809523809523,0.21821789023599242
