metric,average,std
correctness,2.2,1.0930401832070324
semantic_similarity,0.7364922999388048,0.07993450982804
g_eval,0.635,0.2109502310972899
