metric,average,std
correctness,0.42857142857142855,0.50709255283711
semantic_similarity,0.8038231425231938,0.06410897429979981
g_eval,0.3333333333333333,0.48304589153964794
