metric,average,std
correctness,0.19047619047619047,0.40237390808147827
semantic_similarity,0.6112638587117287,0.11827290384303848
g_eval,0.047619047619047616,0.21821789023599242
