metric,average,std
correctness,3.3,1.4814644248530786
semantic_similarity,0.7717567101736743,0.0756164926498162
g_eval,0.8350000000000002,0.11367080817685317
