metric,average,std
correctness,1.4,0.7539370349250519
semantic_similarity,0.5822536304499255,0.13652742315454924
g_eval,0.205,0.2684752267312965
