metric,average,std
correctness,1.95,0.9445132413883326
semantic_similarity,0.7187777722608246,0.13129185174007038
g_eval,0.57,0.30105079130832463
