metric,average,std
correctness,1.275,0.49934167186722744
semantic_similarity,0.5918640412038061,0.11762699570398819
g_eval,0.16000000000000006,0.11424811411549587
