metric,average,std
correctness,3.2,1.5338290579290015
semantic_similarity,0.7859553393549704,0.08497094081318736
g_eval,0.7700000000000001,0.25975697143777743
