metric,average,std
correctness,1.75,0.6386663736585051
semantic_similarity,0.7202107475071557,0.07674828325737097
g_eval,0.41500000000000004,0.37314453246063134
