metric,average,std
correctness,3.2,1.3018205875255098
semantic_similarity,0.7465917565191887,0.12327502914270505
g_eval,0.86,0.10954451150103323
