metric,average,std
correctness,2.375,1.4588658175734364
semantic_similarity,0.7875972293111553,0.08642911506639198
g_eval,0.7099999999999999,0.26734562687750535
