metric,average,std
correctness,0.9047619047619048,0.30079260375911915
semantic_similarity,0.7712862494900252,0.07954147019313046
g_eval,0.7619047619047619,0.4364357804719847
