metric,average,std
g_eval,0.6666666666666666,0.4830458915396479
