metric,average,std
correctness,1.8,1.6865480854231358
semantic_similarity,0.727171363838782,0.15976533800479648
g_eval,0.47000000000000003,0.5034326612809745
