correctness,semantic_similarity,g_eval
1.0,0.7735414331032009,0.0
1.0,0.7770421606440759,0.0
1.0,0.7295563561222924,0.0
1.0,0.7166043028305166,0.0
1.0,0.7439760695459564,0.0
1.0,0.6933759935886316,0.0
1.0,0.8079482188592176,0.0
1.0,0.6739274985416115,0.0
1.0,0.8164651483272289,0.0
1.0,0.747445647982659,0.0
