metric,average,std
correctness,1.0,0.0
semantic_similarity,0.6100651417644084,0.0919175816546239
g_eval,0.11000000000000001,0.08755950357709132
