metric,average,std
g_eval,0.38095238095238093,0.49761335152811925
