metric,average,std
correctness,1.925,0.9215975831474158
semantic_similarity,0.763631251866911,0.060668366310474425
g_eval,0.53,0.3096687534158157
