metric,average,std
correctness,1.0,0.0
semantic_similarity,0.7391384246601985,0.09546686638267224
g_eval,0.5700000000000001,0.27100635498903797
