metric,average,std
correctness,0.5238095238095238,0.511766315719159
semantic_similarity,0.750950627306761,0.10224298734338845
g_eval,0.047619047619047616,0.21821789023599242
