metric,average,std
correctness,1.2,0.6324555320336759
semantic_similarity,0.7595076611556881,0.06779294023355237
g_eval,0.4,0.5163977794943222
