metric,average,std
correctness,2.7,1.3803127029389888
semantic_similarity,0.7654580811654108,0.08774006626354296
g_eval,0.7600000000000001,0.20365088806711923
