metric,average,std
correctness,2.3,1.3416407864998738
semantic_similarity,0.5758446395571306,0.147843260299689
g_eval,0.4049999999999999,0.3051746695703436
