metric,average,std
correctness,1.0,0.0
semantic_similarity,0.6995260974118634,0.06050974551975666
g_eval,0.29,0.4332051092342595
