metric,average,std
correctness,1.0,0.0
semantic_similarity,0.6477463679746156,0.12709898097132444
g_eval,0.18,0.30840089349921007
