correctness,semantic_similarity,g_eval
2.0,0.8510292201914262,0.6
1.0,0.81881149067195,0.0
1.0,0.787842663398251,0.0
1.0,0.6356507463823767,0.0
1.0,0.8219023176365884,0.8
1.0,0.6162050377468595,1.0
1.0,0.8241879232171907,0.3
1.0,0.664990281154684,1.0
1.0,0.8197005273015067,1.0
1.0,0.8088686005825139,1.0
