metric,average,std
g_eval,0.2857142857142857,0.4629100498862757
