metric,average,std
correctness,0.9523809523809523,0.21821789023599242
semantic_similarity,0.8084491216297539,0.06821058346837801
g_eval,0.9523809523809523,0.21821789023599242
