correctness,semantic_similarity,g_eval
1.0,0.6330326486828689,0.0
1.0,0.7118524729238657,0.0
1.0,0.6632544688097713,0.0
1.0,0.7592260725131893,1.0
1.0,0.6394833216826442,0.0
1.0,0.654081957946194,1.0
1.0,0.7984961874633631,1.0
1.0,0.8389297765902985,0.0
5.0,0.9999999999999999,1.0
1.0,0.9869344847687486,1.0
