metric,average,std
correctness,2.85,1.2680278927697548
semantic_similarity,0.7575505747213231,0.09468703821506005
g_eval,0.785,0.3265046142980138
