metric,average,std
g_eval,0.5238095238095238,0.511766315719159
