metric,average,std
correctness,2.3,1.2814465510343749
semantic_similarity,0.774541553639147,0.08096968168531389
g_eval,0.7000000000000001,0.3641861872001304
