metric,average,std
correctness,2.95,1.563565426231107
semantic_similarity,0.7545824099159608,0.10977600192124921
g_eval,0.8150000000000001,0.2621269278723372
