correctness,semantic_similarity,g_eval
1.0,0.875736102565009,0.6
1.0,0.7943717023259425,0.6
1.0,0.688434901415928,0.7
1.0,0.5997268784849308,0.1
1.0,0.8140133667366297,0.6
1.0,0.5908186680771995,0.4
1.0,0.8153631064408575,0.8
1.0,0.6908802611427953,1.0
1.0,0.7893710165712519,0.2
1.0,0.7326682428414416,0.7
