metric,average,std
correctness,0.19047619047619047,0.40237390808147827
semantic_similarity,0.6872826204837208,0.13536916389907375
g_eval,0.14285714285714285,0.35856858280031806
