metric,average,std
correctness,2.475,1.4642673756416282
semantic_similarity,0.7743059348201123,0.11469557029147559
g_eval,0.7800000000000001,0.23973669767168795
