correctness,semantic_similarity,g_eval
1.0,0.8806236651535603,0.1
1.0,0.8389160991899114,0.0
1.0,0.799641492438478,0.1
1.0,0.7639182694346581,0.0
1.0,0.7864157549161355,0.0
1.0,0.7426298004519146,1.0
1.0,0.8841513761134263,0.0
1.0,0.7530477585420762,1.0
1.0,0.8897439970708984,0.0
1.0,0.891872352589131,1.0
