metric,average,std
correctness,1.1,0.31622776601683794
semantic_similarity,0.7649188808283347,0.08903758544768677
g_eval,0.5700000000000001,0.45227818381561974
