correctness,semantic_similarity,g_eval
1.0,0.619922621396809,0.0
1.0,0.7065942743823,0.0
1.0,0.657357660741155,0.7
1.0,0.5373835315961367,0.0
1.0,0.7533847770583245,0.0
1.0,0.553675599995918,1.0
1.0,0.793844443738073,1.0
1.0,0.6695596827095598,0.0
5.0,0.979991046769544,1.0
5.0,0.9999999999999999,1.0
