metric,average,std
g_eval,0.9523809523809523,0.21821789023599242
