metric,average,std
correctness,3.475,1.6817519061039325
semantic_similarity,0.7564573894938947,0.11663254189404085
g_eval,0.885,0.11367080817685316
