correctness,semantic_similarity,g_eval
1.0,0.5514559956889138,0.1
1.0,0.6164763725889403,0.0
1.0,0.7120951022160014,0.1
1.0,0.4098301361583508,0.0
1.0,0.6891707413619957,0.2
1.0,0.6096752966365498,0.2
1.0,0.5802814159709248,0.2
1.0,0.5705986689004315,0.1
1.0,0.6391510366719001,0.0
1.0,0.7219166514500751,0.2
