metric,average,std
correctness,1.0,0.0
semantic_similarity,0.7800090603778018,0.10072525623167586
g_eval,0.9523809523809523,0.21821789023599242
