metric,average,std
g_eval,0.9047619047619048,0.3007926037591192
