correctness,semantic_similarity,g_eval
2.0,0.8107636101018673,0.7
2.0,0.7624666144370351,0.7
1.0,0.7007280584935405,0.2
1.0,0.5544959032386978,0.7
2.0,0.7855254695754771,0.7
1.0,0.563676540352391,0.3
2.0,0.8034983372576674,0.3
1.0,0.533622746812836,0.3
1.0,0.7817593745246711,0.1
1.0,0.6787542979092506,0.2
