metric,average,std
correctness,1.7,1.1285761872936695
semantic_similarity,0.6188377240460688,0.13148521871574756
g_eval,0.3,0.3494356352146912
