metric,average,std
g_eval,0.9047619047619048,0.30079260375911915
