correctness,semantic_similarity,g_eval
1.0,0.7158625062193058,0.0
1.0,0.7193506771496091,0.0
1.0,0.7373694945118644,0.7
1.0,0.6441339793059031,1.0
1.0,0.6933363252966687,0.0
1.0,0.7535763227874425,0.0
1.0,0.6314058062805589,0.0
1.0,0.5942638136706243,0.2
1.0,0.7117654871730202,0.0
1.0,0.7941965617236381,1.0
