metric,average,std
correctness,1.0,0.0
semantic_similarity,0.8243448620812466,0.0745425764648336
g_eval,0.9523809523809523,0.21821789023599242
