metric,average,std
correctness,0.0,0.0
semantic_similarity,0.49469114860049757,0.06905150479554731
g_eval,0.047619047619047616,0.21821789023599242
