metric,average,std
correctness,3.125,1.669186691333931
semantic_similarity,0.7353463910002211,0.08405279774500268
g_eval,0.7700000000000001,0.30796445454493265
