correctness,semantic_similarity,g_eval
1.0,0.7153779653062826,0.2
1.0,0.5981380585110028,0.1
1.0,0.5936294586555854,0.2
1.0,0.4298932463897595,0.0
1.0,0.685637176613089,0.0
1.0,0.8689103214877437,0.0
1.0,0.6891688053095324,0.3
1.0,0.5117880168460731,1.0
1.0,0.6105599323806394,0.0
1.0,0.774360698246448,0.0
