metric,average,std
correctness,2.625,1.4223312960732721
semantic_similarity,0.7785370584055664,0.10060302381549796
g_eval,0.745,0.2564432839727663
