metric,average,std
g_eval,0.7619047619047619,0.4364357804719847
