metric,average,std
correctness,1.0,0.0
semantic_similarity,0.7850335459178784,0.07988854482499534
g_eval,0.9047619047619048,0.30079260375911915
