metric,average,std
correctness,0.47619047619047616,0.511766315719159
semantic_similarity,0.6877745218652914,0.1278980214976113
g_eval,0.19047619047619047,0.40237390808147827
