metric,average,std
correctness,0.8095238095238095,0.40237390808147827
semantic_similarity,0.7861406553102793,0.0620452851126802
g_eval,0.8095238095238095,0.4023739080814782
