metric,average,std
correctness,3.425,1.541316935200818
semantic_similarity,0.8017551637766003,0.10849324995788037
g_eval,0.85,0.3017492859626139
