metric,average,std
g_eval,0.9523809523809523,0.2182178902359924
