metric,average,std
correctness,1.4,1.2649110640673518
semantic_similarity,0.7685291391380943,0.13728549131601897
g_eval,0.5,0.5270462766947299
