metric,average,std
correctness,1.0,0.0
semantic_similarity,0.8395009471799482,0.04633235970431734
g_eval,0.8571428571428571,0.35856858280031806
