metric,average,std
correctness,3.825,1.359905182453232
semantic_similarity,0.7660207069342474,0.08752494180871705
g_eval,0.845,0.1700619082322051
