metric,average,std
g_eval,0.2857142857142857,0.46291004988627577
