metric,average,std
correctness,1.775,1.0818478344213227
semantic_similarity,0.7280284015894986,0.07504801878880561
g_eval,0.44000000000000006,0.35451968989932814
