metric,average,std
correctness,0.3333333333333333,0.4830458915396479
semantic_similarity,0.557545790128287,0.10728478537523004
g_eval,0.23809523809523808,0.4364357804719847
