metric,average,std
correctness,1.0,0.0
semantic_similarity,0.7471091504333518,0.06410984476087553
g_eval,0.9047619047619048,0.30079260375911915
