metric,average,std
g_eval,0.19047619047619047,0.40237390808147827
