correctness,semantic_similarity,g_eval
1.0,0.7140256509819944,0.0
1.0,0.7940682021937713,0.0
1.0,0.7569946177631294,1.0
1.0,0.6468750344600755,0.0
1.0,0.7882398667658365,0.0
1.0,0.7528967748288449,1.0
1.0,0.8099490451069071,1.0
1.0,0.6738067615319515,0.0
1.0,0.7793097622996785,0.0
3.0,0.8789108956246913,1.0
