correctness,semantic_similarity,g_eval,faithfulness,relevancy
1.0,0.7110482848695121,0.2,1.0,0.0
1.0,0.8440278519296773,0.6,1.0,0.0
1.0,0.8391613856518079,0.2,1.0,0.0
1.0,0.7243051751962836,0.0,0.0,0.0
1.0,0.7361089884280988,0.2,0.0,0.0
1.0,0.7741925366094329,0.0,1.0,0.0
1.0,0.8069218151593551,0.1,0.0,0.0
1.0,0.7984770356481843,0.0,1.0,0.0
1.0,0.5950167844254237,0.0,0.0,0.0
1.0,0.6904700889070222,0.1,0.0,0.0
