metric,average,std
correctness,1.1,0.31622776601683794
semantic_similarity,0.7709124251536782,0.13382499677363494
g_eval,0.22000000000000003,0.3489667287547307
faithfulness,0.6,0.5163977794943222
relevancy,0.4,0.5163977794943223
