metric,average,std
g_eval,0.47619047619047616,0.511766315719159
faithfulness,0.7619047619047619,0.4364357804719847
relevancy,0.23809523809523808,0.4364357804719847
