metric,average,std
correctness,1.35,0.48936048492959294
semantic_similarity,0.6680782706177542,0.11563232521700918
g_eval,0.345,0.3332061160745308
faithfulness,0.8,0.41039134083406165
relevancy,0.25,0.4442616583193193
