correctness,semantic_similarity,g_eval,faithfulness,relevancy
2.0,0.8288903379774828,0.3,1.0,0.0
2.0,0.8550979820364536,0.8,1.0,1.0
1.0,0.7668150826053624,0.1,1.0,0.0
1.0,0.6078678970706055,0.0,0.0,0.0
3.0,0.8739634497467234,1.0,1.0,1.0
1.0,0.7246023991479221,0.0,1.0,1.0
1.0,0.5797889694771858,0.0,0.0,0.0
1.0,0.7009621598290364,0.0,1.0,1.0
1.0,0.5950113720489808,1.0,0.0,0.0
1.0,0.5950113720489808,1.0,0.0,0.0
