metric,average,std
correctness,3.0,1.6383560438182505
semantic_similarity,0.7765472836993581,0.10303518133038388
g_eval,0.725,0.33541019662496846
faithfulness,0.9,0.30779350562554625
relevancy,0.65,0.48936048492959283
