correctness,semantic_similarity,g_eval,faithfulness,relevancy
2.0,0.8076634392483466,0.6,1.0,0.0
1.0,0.818175364712565,0.7,1.0,0.0
1.0,0.8598362838010211,0.8,1.0,0.0
1.0,0.8210919649529821,0.0,1.0,1.0
3.0,0.8623996937671321,0.8,1.0,1.0
1.0,0.7532482647793168,1.0,0.0,0.0
2.0,0.8214053037054218,0.8,1.0,1.0
1.0,0.6264151287172606,1.0,0.0,0.0
1.0,0.7274385913173982,1.0,0.0,1.0
2.0,0.7940788603999566,1.0,1.0,0.0
