metric,average,std
correctness,2.475,1.4642673756416282
semantic_similarity,0.7008544270441586,0.11178114544018138
g_eval,0.6300000000000001,0.3450400434427103
faithfulness,0.65,0.4893604849295929
relevancy,0.5,0.512989176042577
