metric,average,std
correctness,1.55,0.9445132413883326
semantic_similarity,0.6057990856837311,0.09459731297361737
g_eval,0.185,0.26611236249690506
faithfulness,0.35,0.4893604849295929
relevancy,0.1,0.30779350562554625
