metric,average,std
g_eval,0.9523809523809523,0.21821789023599242
faithfulness,1.0,0.0
relevancy,0.5714285714285714,0.5070925528371101
