metric,average,std
correctness,1.4,0.6992058987801011
semantic_similarity,0.7128011021988734,0.11515564454492151
g_eval,0.42000000000000004,0.46856755708814884
faithfulness,0.6,0.5163977794943222
relevancy,0.4,0.5163977794943223
