metric,average,std
correctness,1.0,0.0
semantic_similarity,0.7178704885174998,0.10315048978965562
g_eval,0.39,0.4332051092342595
faithfulness,0.6,0.5163977794943222
relevancy,0.2,0.42163702135578396
