correctness,semantic_similarity,g_eval,faithfulness,relevancy
1.0,0.8517028169500994,0.2,0.0,0.0
1.0,0.8508711657908138,0.2,1.0,0.0
1.0,0.8237534032750375,0.0,1.0,0.0
1.0,0.8498163727656509,0.0,1.0,0.0
2.0,0.869657915234688,0.8,0.0,1.0
1.0,0.7690547959017814,0.0,1.0,1.0
2.0,0.9210312989572238,0.8,1.0,1.0
1.0,0.6638770674843536,0.2,1.0,0.0
1.0,0.8815345155207119,0.0,0.0,0.0
1.0,0.7390463457312892,0.0,0.0,0.0
