correctness,semantic_similarity,g_eval,faithfulness,relevancy
1.0,0.6797656230532514,0.1,1.0,0.0
1.0,0.812028150184857,0.2,1.0,0.0
1.0,0.7203296399053615,0.2,0.0,0.0
1.0,0.6435945110836852,0.1,0.0,0.0
1.0,0.5600703299298392,0.1,0.0,0.0
1.0,0.6586164880543907,0.0,0.0,0.0
1.0,0.6504038964825967,0.2,1.0,1.0
1.0,0.69161630345044,0.0,0.0,0.0
1.0,0.7427529975492636,0.0,0.0,0.0
1.0,0.8315425473240293,0.1,1.0,0.0
