correctness,semantic_similarity,g_eval,faithfulness,relevancy
1.0,0.9070018613760856,0.2,1.0,0.0
1.0,0.8528053528685645,0.7,1.0,1.0
1.0,0.8755714015612659,0.1,1.0,0.0
1.0,0.8598303543952489,0.0,0.0,0.0
1.0,0.5050822061828105,0.0,0.0,0.0
1.0,0.7439607462180978,0.0,1.0,1.0
2.0,0.8789583648672252,0.2,0.0,1.0
1.0,0.7155202082680764,0.0,1.0,1.0
1.0,0.7753823837504269,0.0,1.0,0.0
1.0,0.5950113720489808,1.0,0.0,0.0
