metric,average,std
correctness,3.0,1.614082760546911
semantic_similarity,0.7458673344997704,0.12200378514200759
g_eval,0.665,0.4068815940527998
faithfulness,0.75,0.4442616583193193
relevancy,0.6,0.5026246899500346
