correctness,semantic_similarity,g_eval,faithfulness,relevancy
1.0,0.7642963649920248,0.0,1.0,1.0
3.0,0.8733606222908923,0.8,1.0,1.0
1.0,0.8508505209884653,1.0,1.0,1.0
1.0,0.9321659330545637,0.0,1.0,1.0
1.0,0.7581475865426494,0.0,1.0,0.0
