metric,average,std
correctness,0.19047619047619047,0.40237390808147827
semantic_similarity,0.7769894686976242,0.09359268614862506
g_eval,0.23809523809523808,0.4364357804719847
faithfulness,0.8571428571428571,0.358568582800318
relevancy,0.6666666666666666,0.48304589153964794
