metric,average,std
correctness,1.4,0.6992058987801011
semantic_similarity,0.8181474266609279,0.05628021338183435
g_eval,0.48,0.38528488738133043
faithfulness,0.9,0.31622776601683794
relevancy,0.3,0.4830458915396479
