metric,average,std
correctness,1.2,0.6324555320336759
semantic_similarity,0.8197575879327758,0.06788244190833759
g_eval,0.27999999999999997,0.45411696975803734
faithfulness,0.9,0.31622776601683794
relevancy,0.8,0.42163702135578396
