metric,average,std
correctness,2.1,1.1652874052533586
semantic_similarity,0.7718832688933587,0.1081988453551858
g_eval,0.545,0.37902228791568726
faithfulness,0.9,0.30779350562554625
relevancy,0.45,0.5104177855340405
