metric,average,std
correctness,2.35,1.348488432516786
semantic_similarity,0.6924325604659037,0.13269679547252913
g_eval,0.45499999999999996,0.4477722635447622
faithfulness,0.55,0.5104177855340404
relevancy,0.5,0.512989176042577
