metric,average,std
correctness,0.9523809523809523,0.21821789023599242
semantic_similarity,0.8551202184996489,0.05277488270759444
g_eval,0.9523809523809523,0.21821789023599242
faithfulness,1.0,0.0
relevancy,1.0,0.0
