metric,average,std
g_eval,1.0,0.0
faithfulness,1.0,0.0
relevancy,0.7619047619047619,0.4364357804719847
