metric,average,std
correctness,1.6,1.3416407864998738
semantic_similarity,0.7635044544734133,0.17405337642930244
g_eval,0.18,0.40249223594996214
faithfulness,0.6,0.5477225575051662
relevancy,0.8,0.4472135954999579
