metric,average,std
correctness,0.5714285714285714,0.5070925528371101
semantic_similarity,0.7635786989926274,0.10120457562144702
g_eval,0.5714285714285714,0.5070925528371101
faithfulness,0.9523809523809523,0.21821789023599242
relevancy,0.9523809523809523,0.21821789023599242
