metric,average,std
g_eval,0.3333333333333333,0.48304589153964794
faithfulness,0.8571428571428571,0.358568582800318
relevancy,0.2857142857142857,0.4629100498862757
