metric,average,std
correctness,1.5,0.7071067811865476
semantic_similarity,0.78917528954014,0.07087715466476256
g_eval,0.7699999999999999,0.30568684048294337
faithfulness,0.7,0.4830458915396479
relevancy,0.4,0.5163977794943223
