metric,average,std
correctness,1.6,0.8432740427115678
semantic_similarity,0.8140540203528616,0.05558310603945763
g_eval,0.73,0.40013886478460337
faithfulness,0.9,0.31622776601683794
relevancy,0.6,0.5163977794943222
