metric,average,std
g_eval,0.9523809523809523,0.2182178902359924
faithfulness,0.9523809523809523,0.21821789023599242
relevancy,0.7142857142857143,0.4629100498862757
