correctness,semantic_similarity,g_eval,faithfulness,relevancy
1.0,0.8917330693903803,0.6,1.0,0.0
2.0,0.8891031740355144,0.7,1.0,1.0
1.0,0.8688268437340824,1.0,1.0,0.0
1.0,0.8101634524006829,1.0,1.0,0.0
3.0,0.8355252668662041,0.8,1.0,1.0
1.0,0.7376987020235591,0.0,1.0,0.0
1.0,0.8375275139627987,0.3,1.0,0.0
2.0,0.7750313310949062,0.1,1.0,1.0
1.0,0.7941411492922458,0.2,1.0,0.0
1.0,0.741723763808905,0.1,0.0,0.0
