metric,average,std
correctness,0.8095238095238095,0.40237390808147827
semantic_similarity,0.8589688241386719,0.056548828152278005
g_eval,0.8095238095238095,0.40237390808147827
faithfulness,1.0,0.0
relevancy,1.0,0.0
