correctness,semantic_similarity,g_eval,faithfulness,relevancy
2.0,0.9095046637824397,0.7,1.0,0.0
1.0,0.8263776345289311,0.8,1.0,1.0
1.0,0.8461258729414795,1.0,1.0,0.0
1.0,0.8281248749342388,1.0,1.0,1.0
3.0,0.798138110739699,0.8,1.0,1.0
1.0,0.7295108082346998,1.0,1.0,1.0
3.0,0.8234205311504181,0.7,1.0,1.0
1.0,0.7040161271130972,0.0,1.0,1.0
1.0,0.7144591938002577,1.0,1.0,1.0
1.0,0.7492899783632692,0.0,1.0,0.0
