metric,average,std
correctness,2.2,1.1964860832322377
semantic_similarity,0.6702877399403978,0.11661931886385249
g_eval,0.705,0.42732337071343846
faithfulness,0.6,0.5026246899500346
relevancy,0.5,0.512989176042577
