correctness,semantic_similarity,g_eval,faithfulness,relevancy
1.0,0.6587114682491876,0.0,0.0,0.0
4.0,0.8764196564278036,0.9,1.0,1.0
1.0,0.7219978428166156,0.0,0.0,0.0
1.0,0.7551743090202353,0.1,1.0,1.0
1.0,0.5050822061828105,0.0,0.0,0.0
