metric,average,std
correctness,2.05,1.190974832912761
semantic_similarity,0.7261425469967657,0.1198728974073628
g_eval,0.4749999999999999,0.4115119746291205
faithfulness,0.65,0.48936048492959283
relevancy,0.3,0.4701623459816272
