metric,average,std
g_eval,0.9047619047619048,0.3007926037591192
faithfulness,1.0,0.0
relevancy,0.6666666666666666,0.48304589153964794
