metric,average,std
correctness,1.5,0.8498365855987975
semantic_similarity,0.7928967795588531,0.06643581035066948
g_eval,0.7,0.38873012632302
faithfulness,1.0,0.0
relevancy,0.7,0.48304589153964794
