metric,average,std
correctness,2.425,1.2698425099200294
semantic_similarity,0.7480714566376628,0.1392242716120593
g_eval,0.59,0.4204008112566663
faithfulness,0.65,0.4893604849295929
relevancy,0.45,0.5104177855340405
