metric,average,std
g_eval,0.8571428571428571,0.358568582800318
faithfulness,0.9523809523809523,0.21821789023599242
relevancy,0.38095238095238093,0.49761335152811925
