metric,average,std
correctness,3.35,1.5226362180874258
semantic_similarity,0.7735886777277082,0.11233524805788128
g_eval,0.75,0.3379504790879715
faithfulness,0.85,0.36634754853252327
relevancy,0.75,0.4442616583193193
