correctness,semantic_similarity,g_eval,faithfulness,relevancy
1.0,0.8117749404206328,0.2,1.0,0.0
1.0,0.8482002439846957,0.2,1.0,0.0
1.0,0.8333361298292196,0.7,1.0,1.0
1.0,0.775357859218092,0.0,1.0,0.0
1.0,0.7514722729956868,0.8,1.0,0.0
1.0,0.7246322901401496,0.0,1.0,1.0
1.0,0.5797889694771858,0.0,0.0,0.0
1.0,0.6641194350113749,0.0,0.0,0.0
1.0,0.5950113720489808,1.0,0.0,0.0
1.0,0.5950113720489808,1.0,0.0,0.0
