metric,average,std
correctness,1.4,0.8944271909999161
semantic_similarity,0.8252266676955399,0.07571239251222471
g_eval,0.36,0.4979959839195493
faithfulness,0.6,0.5477225575051662
relevancy,0.6,0.5477225575051662
