metric,average,std
correctness,0.9523809523809523,0.21821789023599242
semantic_similarity,0.7898818787104115,0.09573017267810106
g_eval,0.9523809523809523,0.21821789023599242
faithfulness,1.0,0.0
relevancy,1.0,0.0
