correctness,semantic_similarity,g_eval,faithfulness,relevancy
1.0,0.5244037466350067,0.0,0.0,0.0
1.0,0.5241162104667866,0.0,0.0,0.0
1.0,0.5771844589681504,0.0,0.0,0.0
1.0,0.6078678970706055,0.0,0.0,0.0
1.0,0.5050822061828105,0.0,0.0,0.0
1.0,0.7261131251775732,0.0,0.0,0.0
1.0,0.5797889694771858,0.0,0.0,0.0
1.0,0.6641194350113749,0.0,0.0,0.0
1.0,0.5950113720489808,1.0,0.0,0.0
1.0,0.5950113720489808,1.0,0.0,0.0
