metric,average,std
g_eval,0.6190476190476191,0.49761335152811925
faithfulness,0.9047619047619048,0.30079260375911915
relevancy,0.47619047619047616,0.511766315719159
