metric,average,std
g_eval,0.6190476190476191,0.49761335152811925
faithfulness,0.9047619047619048,0.3007926037591192
relevancy,0.38095238095238093,0.49761335152811925
