correctness,semantic_similarity,g_eval,faithfulness,relevancy
1.0,0.8418534830999288,0.1,0.0,0.0
1.0,0.7996140622064298,0.2,0.0,0.0
1.0,0.7649584753587171,0.0,0.0,0.0
1.0,0.816725395153266,0.0,0.0,0.0
1.0,0.6609613191805073,0.0,1.0,0.0
1.0,0.7493279692203668,1.0,1.0,1.0
1.0,0.7662475918013041,0.0,0.0,0.0
1.0,0.662350443465205,0.0,0.0,1.0
1.0,0.8246735552346919,0.0,1.0,0.0
1.0,0.738570464240273,0.1,1.0,0.0
