metric,average,std
correctness,1.1,0.31622776601683794
semantic_similarity,0.6840522855412893,0.1279883841977845
g_eval,0.36,0.43767060165786276
faithfulness,0.4,0.5163977794943223
relevancy,0.3,0.4830458915396479
