correctness,semantic_similarity,g_eval,faithfulness,relevancy
1.0,0.7877877095215863,0.1,1.0,1.0
3.0,0.8788521555053758,0.8,1.0,1.0
1.0,0.7572483801059587,0.0,1.0,1.0
1.0,0.8717052908398937,1.0,1.0,1.0
1.0,0.5050822061828105,0.0,0.0,0.0
1.0,0.8133570730370112,0.0,1.0,1.0
1.0,0.6963563976657456,0.0,0.0,1.0
4.0,0.9565399991471101,0.0,1.0,1.0
4.0,0.9243402318981043,1.0,0.0,1.0
1.0,0.5950113720489808,1.0,0.0,0.0
