correctness,semantic_similarity,g_eval,faithfulness,relevancy
1.0,0.8134360711368008,0.0,1.0,1.0
3.0,0.8696509559968416,0.8,1.0,1.0
1.0,0.7374827055913874,0.0,1.0,1.0
1.0,0.8703352035924392,0.0,1.0,1.0
1.0,0.777916663491111,0.0,0.0,0.0
1.0,0.8133570730370112,0.0,1.0,1.0
1.0,0.7008023068067912,0.0,1.0,0.0
1.0,0.9094793232824415,0.0,1.0,1.0
1.0,0.8108925297200843,1.0,1.0,1.0
1.0,0.8942230466728486,1.0,1.0,1.0
