metric,average,std
correctness,2.15,1.4244112357114616
semantic_similarity,0.6786602761440851,0.1449265409842075
g_eval,0.45999999999999996,0.5030433694811485
faithfulness,0.8,0.41039134083406165
relevancy,0.45,0.5104177855340405
