metric,average,std
correctness,2.6,1.535543791899829
semantic_similarity,0.7414536276100646,0.14410888793962726
g_eval,0.61,0.43029977310805323
faithfulness,0.8,0.41039134083406165
relevancy,0.5,0.512989176042577
