correctness,semantic_similarity,g_eval,faithfulness,relevancy
1.0,0.7467139165511778,0.0,1.0,1.0
4.0,0.8764196564278036,0.9,1.0,1.0
1.0,0.725921963761911,0.0,1.0,1.0
1.0,0.9633845294433635,0.0,0.0,1.0
1.0,0.5050822061828105,0.0,0.0,0.0
