correctness,semantic_similarity,g_eval,faithfulness,relevancy
1.0,0.7997098369900852,0.1,1.0,0.0
2.0,0.8380225040476017,0.6,1.0,1.0
1.0,0.7813681834787515,1.0,1.0,0.0
1.0,0.6261579752758177,1.0,0.0,0.0
1.0,0.7754858211989766,0.2,0.0,0.0
1.0,0.7550644423249286,1.0,0.0,1.0
2.0,0.8267863699961837,0.3,1.0,1.0
1.0,0.7144109194690214,0.0,1.0,1.0
1.0,0.7072225359224624,0.0,0.0,0.0
1.0,0.7581306609169292,0.2,1.0,0.0
