metric,average,std
g_eval,0.47619047619047616,0.511766315719159
faithfulness,1.0,0.0
relevancy,0.3333333333333333,0.48304589153964794
