metric,average,std
correctness,1.6,1.0749676997731399
semantic_similarity,0.777345309180338,0.1358664440402596
g_eval,0.48,0.4516635916254486
faithfulness,0.7,0.48304589153964794
relevancy,0.6,0.5163977794943222
