metric,average,std
g_eval,0.7619047619047619,0.4364357804719847
faithfulness,0.9047619047619048,0.3007926037591192
relevancy,0.23809523809523808,0.4364357804719847
