metric,average,std
g_eval,0.5714285714285714,0.5070925528371101
faithfulness,1.0,0.0
relevancy,0.47619047619047616,0.511766315719159
