metric,average,std
correctness,1.2,0.42163702135578396
semantic_similarity,0.8220345697611651,0.07659620921279371
g_eval,0.22000000000000003,0.31902629637347735
faithfulness,0.6,0.5163977794943222
relevancy,0.3,0.4830458915396479
