metric,average,std
correctness,2.7,1.4903196407411892
semantic_similarity,0.7728635893810781,0.07164003122160559
g_eval,0.7750000000000001,0.19432745018328432
faithfulness,0.9,0.30779350562554625
relevancy,0.8,0.41039134083406165
