metric,average,std
g_eval,0.6666666666666666,0.483045891539648
faithfulness,0.9523809523809523,0.21821789023599242
relevancy,0.47619047619047616,0.511766315719159
