metric,average,std
g_eval,0.7142857142857143,0.46291004988627577
faithfulness,1.0,0.0
relevancy,0.3333333333333333,0.48304589153964794
