metric,average,std
correctness,1.0,0.0
semantic_similarity,0.6990720487017714,0.08130889453975822
g_eval,0.10000000000000002,0.08164965809277261
faithfulness,0.4,0.5163977794943222
relevancy,0.1,0.31622776601683794
