metric,average,std
correctness,2.275,1.0572431876795123
semantic_similarity,0.7845105461775295,0.07404347839570227
g_eval,0.6799999999999999,0.2566997016790344
faithfulness,0.9,0.30779350562554625
relevancy,0.75,0.4442616583193193
