metric,average,std
correctness,0.9523809523809523,0.21821789023599242
semantic_similarity,0.7681282329009926,0.11057989093334573
g_eval,0.9523809523809523,0.21821789023599242
faithfulness,1.0,0.0
relevancy,1.0,0.0
