metric,average,std
correctness,1.8,1.1352924243950935
semantic_similarity,0.7915087591476118,0.07583499906820289
g_eval,0.54,0.45264653858047876
faithfulness,0.9,0.31622776601683794
relevancy,0.6,0.5163977794943222
