metric,average,std
correctness,1.775,0.7340407273943893
semantic_similarity,0.7652116821668895,0.06980601350107742
g_eval,0.655,0.28923674513595626
faithfulness,0.85,0.36634754853252327
relevancy,0.35,0.48936048492959283
