metric,average,std
correctness,1.0,0.0
semantic_similarity,0.8168310137278463,0.08994297381493165
g_eval,0.9523809523809523,0.21821789023599242
faithfulness,1.0,0.0
relevancy,1.0,0.0
