metric,average,std
correctness,2.475,1.2298373876248843
semantic_similarity,0.7722737187820675,0.11831582401482998
g_eval,0.6100000000000001,0.3492849839314596
faithfulness,0.6,0.5026246899500346
relevancy,0.3,0.4701623459816272
