metric,average,std
correctness,1.2,0.6324555320336759
semantic_similarity,0.659038996480425,0.1262944723723155
g_eval,0.48,0.4939635614091388
faithfulness,0.3,0.4830458915396479
relevancy,0.3,0.4830458915396479
