metric,average,std
correctness,2.625,1.5293187337745144
semantic_similarity,0.7840715523433042,0.15100631486127541
g_eval,0.65,0.4430753767404415
faithfulness,0.8,0.41039134083406165
relevancy,0.65,0.48936048492959294
