correctness,semantic_similarity,g_eval,faithfulness,relevancy
2.0,0.8551309979998176,0.6,1.0,0.0
1.0,0.851953193482416,0.7,1.0,0.0
1.0,0.8538474604426408,0.0,1.0,0.0
1.0,0.7853580184066256,1.0,1.0,1.0
3.0,0.8169657133254475,0.8,1.0,1.0
1.0,0.75036581965212,0.0,1.0,1.0
2.0,0.8363223414367614,0.7,1.0,1.0
1.0,0.7082514154637388,0.1,1.0,1.0
1.0,0.6649087330649094,0.0,0.0,0.0
1.0,0.7661383592637425,0.0,1.0,0.0
