metric,average,std
correctness,2.0,1.632993161855452
semantic_similarity,0.8305808720457047,0.07465460165567575
g_eval,0.38,0.4939635614091388
faithfulness,0.7,0.4830458915396479
relevancy,0.7,0.4830458915396479
