correctness,semantic_similarity,g_eval,faithfulness,relevancy
1.0,0.764296364992025,0.0,1.0,1.0
4.0,0.8758317308986635,0.8,1.0,1.0
1.0,0.7635382548768372,0.0,1.0,0.0
1.0,0.8851947648382996,1.0,0.0,1.0
1.0,0.8028121655295318,1.0,0.0,0.0
1.0,0.8133570730370112,0.0,1.0,1.0
1.0,0.7321289276074536,0.0,1.0,0.0
4.0,0.9565399991471101,0.0,1.0,1.0
5.0,0.9205413029326642,1.0,0.0,1.0
1.0,0.7915681365974508,0.0,1.0,1.0
