metric,average,std
correctness,1.9,1.3726654823065194
semantic_similarity,0.662925620074183,0.1334579788499828
g_eval,0.365,0.4283075628809893
faithfulness,0.5,0.512989176042577
relevancy,0.2,0.4103913408340617
