metric,average,std
g_eval,0.5714285714285714,0.5070925528371101
faithfulness,0.8571428571428571,0.35856858280031806
relevancy,0.23809523809523808,0.4364357804719847
