metric,average,std
correctness,0.5238095238095238,0.511766315719159
semantic_similarity,0.7022363483453727,0.1501282790356323
g_eval,0.42857142857142855,0.50709255283711
faithfulness,0.8095238095238095,0.40237390808147827
relevancy,0.8095238095238095,0.40237390808147827
