correctness,semantic_similarity,g_eval,faithfulness,relevancy
1.0,0.84355911283262,0.2,1.0,0.0
1.0,0.8690321840347467,0.7,1.0,1.0
2.0,0.8303983138507915,0.7,1.0,1.0
1.0,0.6078678970706055,0.0,0.0,0.0
1.0,0.5050822061828105,0.0,0.0,0.0
1.0,0.7261131251775732,0.0,0.0,0.0
1.0,0.5797889694771858,0.0,0.0,0.0
1.0,0.6886583026885983,0.0,1.0,1.0
1.0,0.5950113720489808,1.0,0.0,0.0
1.0,0.5950113720489808,1.0,0.0,0.0
