metric,average,std
correctness,3.525,1.4732259625875812
semantic_similarity,0.8047290830927876,0.08566640819469375
g_eval,0.8150000000000001,0.22774639635487448
faithfulness,0.95,0.22360679774997902
relevancy,0.6,0.5026246899500346
