metric,average,std
g_eval,0.47619047619047616,0.511766315719159
faithfulness,0.9523809523809523,0.21821789023599242
relevancy,0.2857142857142857,0.4629100498862757
