metric,average,std
correctness,2.9,1.4832396974191324
semantic_similarity,0.8054456723528374,0.14975793040315097
g_eval,0.72,0.4137123333148797
faithfulness,1.0,0.0
relevancy,0.9,0.30779350562554625
