correctness,semantic_similarity,g_eval,faithfulness,relevancy
2.0,0.864316584992169,0.6,1.0,0.0
3.0,0.8907529765654632,1.0,1.0,1.0
1.0,0.8129922243545785,1.0,1.0,1.0
1.0,0.7779131271957979,1.0,1.0,0.0
4.0,0.8719606158017594,1.0,1.0,1.0
1.0,0.7423846183200685,0.0,1.0,1.0
3.0,0.8305283976438719,0.6,1.0,1.0
1.0,0.6928455665153139,0.0,0.0,1.0
1.0,0.6691984370029139,0.2,1.0,0.0
1.0,0.7621950430841816,0.0,1.0,0.0
