metric,average,std
correctness,1.0,0.0
semantic_similarity,0.762528275896069,0.06288138423249565
g_eval,0.14,0.30983866769659335
faithfulness,0.4,0.5163977794943222
relevancy,0.2,0.42163702135578396
