metric,average,std
correctness,2.8,1.3898125583575727
semantic_similarity,0.7595896155509086,0.1037824100385072
g_eval,0.6050000000000001,0.3705969579788236
faithfulness,0.85,0.36634754853252327
relevancy,0.55,0.5104177855340404
