correctness,semantic_similarity,g_eval,faithfulness,relevancy
2.0,0.8761224795066392,0.7,1.0,0.0
3.0,0.8589377780399687,0.8,1.0,1.0
1.0,0.836072307916492,1.0,1.0,1.0
1.0,0.8364350299567521,1.0,1.0,1.0
3.0,0.8311972887345963,1.0,1.0,0.0
1.0,0.7142527388118908,1.0,1.0,1.0
2.0,0.82828503498495,0.8,1.0,1.0
1.0,0.7148084553765012,1.0,1.0,1.0
1.0,0.8382300917302388,0.0,0.0,0.0
1.0,0.8061989984705871,0.0,1.0,0.0
