metric,average,std
correctness,0.9047619047619048,0.30079260375911915
semantic_similarity,0.8437989933766946,0.044661547670032775
g_eval,0.9047619047619048,0.30079260375911915
faithfulness,1.0,0.0
relevancy,1.0,0.0
