metric,average,std
g_eval,0.47619047619047616,0.511766315719159
faithfulness,0.9523809523809523,0.2182178902359924
relevancy,0.5238095238095238,0.5117663157191589
