metric,average,std
correctness,0.6190476190476191,0.49761335152811925
semantic_similarity,0.7664978762438386,0.05666055073222275
g_eval,0.5714285714285714,0.5070925528371101
faithfulness,1.0,0.0
relevancy,0.9047619047619048,0.30079260375911915
