metric,average,std
correctness,3.225,1.5933661818532752
semantic_similarity,0.7882868148579127,0.10453085274757844
g_eval,0.8300000000000001,0.29753372210469464
faithfulness,0.95,0.22360679774997902
relevancy,0.85,0.36634754853252327
