correctness,semantic_similarity,g_eval,faithfulness,relevancy
2.0,0.8397399345143942,0.3,1.0,0.0
3.0,0.8577418431360142,0.8,0.0,1.0
1.0,0.7858778157191162,1.0,1.0,0.0
1.0,0.7419663469823153,0.0,1.0,0.0
4.0,0.854470458264905,1.0,0.0,1.0
1.0,0.715426865247091,0.0,1.0,1.0
3.0,0.833187091866517,0.7,1.0,1.0
1.0,0.6497676298708018,1.0,1.0,1.0
1.0,0.729509614740393,0.2,0.0,0.0
1.0,0.7406847047208995,0.2,0.0,0.0
