metric,average,std
correctness,2.9,1.6431676725154982
semantic_similarity,0.7934091991857766,0.14157285855263002
g_eval,0.8400000000000001,0.3135534874207018
faithfulness,1.0,0.0
relevancy,0.85,0.36634754853252327
