metric,average,std
g_eval,0.7142857142857143,0.46291004988627577
faithfulness,0.9523809523809523,0.21821789023599242
relevancy,0.19047619047619047,0.40237390808147827
