metric,average,std
g_eval,0.9047619047619048,0.3007926037591192
faithfulness,0.9523809523809523,0.21821789023599242
relevancy,0.6190476190476191,0.49761335152811925
