metric,average,std
g_eval,0.47619047619047616,0.511766315719159
faithfulness,0.8571428571428571,0.35856858280031806
relevancy,0.09523809523809523,0.30079260375911915
