metric,average,std
correctness,1.5,0.8498365855987975
semantic_similarity,0.7714479674768742,0.09273923212267324
g_eval,0.71,0.37252889522529364
faithfulness,0.9,0.31622776601683794
relevancy,0.5,0.5270462766947299
