metric,average,std
correctness,1.4,0.6992058987801011
semantic_similarity,0.788924205253822,0.06625751884945055
g_eval,0.39,0.404007700696685
faithfulness,0.9,0.31622776601683794
relevancy,0.5,0.5270462766947299
