metric,average,std
g_eval,0.2857142857142857,0.46291004988627577
faithfulness,0.7619047619047619,0.4364357804719847
relevancy,0.09523809523809523,0.3007926037591192
