metric,average,std
correctness,1.2,0.42163702135578396
semantic_similarity,0.7582359249620758,0.06288919580717095
g_eval,0.44000000000000006,0.42216373863966833
faithfulness,0.6,0.5163977794943223
relevancy,0.4,0.5163977794943223
