metric,average,std
correctness,1.0,0.0
semantic_similarity,0.8143217583984513,0.12744762624570086
g_eval,0.9523809523809523,0.2182178902359924
faithfulness,1.0,0.0
relevancy,0.9523809523809523,0.21821789023599242
