metric,average,std
correctness,3.425,1.5750939821583916
semantic_similarity,0.7983219324795685,0.08439781754929293
g_eval,0.805,0.25021043774769813
faithfulness,1.0,0.0
relevancy,0.65,0.4893604849295929
