metric,average,std
correctness,1.8,1.3165611772087666
semantic_similarity,0.7786280815952576,0.1447799396199511
g_eval,0.39,0.4863697724525606
faithfulness,0.6,0.5163977794943222
relevancy,0.8,0.4216370213557839
