correctness,semantic_similarity,g_eval,faithfulness,relevancy
1.0,0.5244037466350067,0.0,0.0,0.0
1.0,0.8395620025799287,0.7,0.0,1.0
1.0,0.5771844589681504,0.0,0.0,0.0
1.0,0.7167913960130808,0.1,1.0,0.0
1.0,0.5050822061828105,0.0,0.0,0.0
1.0,0.6908920344091898,1.0,1.0,1.0
3.0,0.8823319409067473,1.0,1.0,1.0
1.0,0.6641194350113749,0.0,0.0,0.0
1.0,0.5950113720489808,1.0,0.0,0.0
1.0,0.5950113720489808,1.0,0.0,0.0
