correctness,semantic_similarity,g_eval,faithfulness,relevancy
2.0,0.9075052986073173,0.5,1.0,0.0
3.0,0.8761558462009561,0.8,1.0,1.0
1.0,0.8024605361533705,0.5,1.0,1.0
1.0,0.895953577102908,0.0,1.0,1.0
4.0,0.7987297238442272,1.0,1.0,1.0
1.0,0.8133570730370112,0.0,1.0,1.0
1.0,0.5797889694771858,0.0,0.0,0.0
1.0,0.9094793232824415,0.0,1.0,1.0
1.0,0.5950113720489808,1.0,0.0,0.0
1.0,0.5950113720489808,1.0,0.0,0.0
