metric,average,std
correctness,1.8,1.1352924243950935
semantic_similarity,0.7748372305062446,0.0702590973502477
g_eval,0.5200000000000001,0.42110964526276684
faithfulness,0.6,0.5163977794943222
relevancy,0.5,0.5270462766947299
