metric,average,std
correctness,1.0,0.0
semantic_similarity,0.7519729946824798,0.07663875228333912
g_eval,0.14,0.18378731669453627
faithfulness,0.5,0.5270462766947299
relevancy,0.0,0.0
