metric,average,std
g_eval,0.8095238095238095,0.40237390808147827
faithfulness,0.9047619047619048,0.30079260375911915
relevancy,0.3333333333333333,0.4830458915396479
