correctness,semantic_similarity,g_eval,faithfulness,relevancy
2.0,0.8694291400442713,0.7,1.0,0.0
1.0,0.8398871554680807,0.7,1.0,0.0
1.0,0.8362963053524267,1.0,1.0,0.0
1.0,0.8051473626801556,0.0,1.0,1.0
3.0,0.8365793283328072,0.9,1.0,1.0
1.0,0.6999532369937169,1.0,1.0,1.0
3.0,0.8436869095342778,0.7,1.0,1.0
1.0,0.7031100522178637,1.0,1.0,1.0
1.0,0.6853788120961615,0.1,1.0,0.0
1.0,0.5950113720489808,1.0,0.0,0.0
