metric,average,std
correctness,0.8571428571428571,0.35856858280031806
semantic_similarity,0.8336302227038359,0.08879525381537087
g_eval,0.7142857142857143,0.4629100498862757
faithfulness,1.0,0.0
relevancy,0.9523809523809523,0.21821789023599242
