metric,average,std
g_eval,0.6666666666666666,0.48304589153964794
faithfulness,1.0,0.0
relevancy,0.14285714285714285,0.35856858280031806
