correctness,semantic_similarity,g_eval,faithfulness,relevancy
1.0,0.7209426110003649,0.0,0.0,0.0
1.0,0.5241162104667867,0.0,0.0,0.0
1.0,0.8264314408981182,1.0,1.0,0.0
1.0,0.8549032981029582,0.0,0.0,0.0
1.0,0.7272924801164095,0.0,1.0,0.0
