correctness,semantic_similarity,g_eval,faithfulness,relevancy
1.0,0.5504510236985696,0.0,1.0,0.0
3.0,0.8150045564655511,0.8,1.0,1.0
1.0,0.7245235725888227,0.0,1.0,1.0
1.0,0.701484854465614,0.0,1.0,1.0
4.0,0.7854760987421556,1.0,1.0,1.0
